0.000,38.03769,-78.46663,0
0.906,38.03769,-78.46664,0
1.862,38.03769,-78.46665,0
2.809,38.03768,-78.46665,0
3.754,38.03768,-78.46665,0
4.712,38.03768,-78.46666,0
5.698,38.03768,-78.46666,0
6.604,38.03767,-78.46665,0
7.553,38.03766,-78.46667,0
8.501,38.03766,-78.46667,0
9.449,38.03766,-78.46667,0
10.407,38.03768,-78.46667,0
11.356,38.03768,-78.46666,0
12.368,38.03769,-78.46666,0
13.378,38.03769,-78.46666,0
14.367,38.0377,-78.46665,0
15.370,38.0377,-78.46665,0
16.365,38.03771,-78.46666,0
17.364,38.03771,-78.46665,0
18.368,38.03771,-78.46665,0
19.359,38.0377,-78.46665,0
20.357,38.0377,-78.46666,0
21.368,38.03769,-78.46667,0
22.362,38.03768,-78.46667,0
23.361,38.03769,-78.46667,0
24.365,38.03768,-78.46667,0
25.365,38.03767,-78.46666,0
26.365,38.03767,-78.46665,0
27.366,38.03766,-78.46664,0
28.381,38.03766,-78.46663,0
29.367,38.03767,-78.46662,0
30.363,38.03767,-78.46662,0
31.363,38.03767,-78.46661,3.728227
32.363,38.0377,-78.46661,4.97097
33.557,38.03773,-78.46658,11.18468
34.366,38.03778,-78.46653,16.15565
35.502,38.03783,-78.46646,17.39839
36.470,38.03789,-78.46638,21.12662
37.462,38.03795,-78.4663,22.36936
38.463,38.03802,-78.46622,22.36936
39.494,38.03809,-78.46615,22.36936
40.469,38.03816,-78.46606,22.36936
41.463,38.03822,-78.46599,21.12662
42.361,38.03828,-78.46591,21.12662
43.365,38.03834,-78.46584,21.12662
44.372,38.03839,-78.46579,17.39839
45.365,38.03843,-78.46575,13.67017
46.364,38.03847,-78.46576,12.42742
47.471,38.0385,-78.4658,9.941939
48.360,38.03854,-78.46584,9.941939
49.479,38.03857,-78.4659,12.42742
50.467,38.03862,-78.46597,12.42742
51.473,38.03868,-78.46603,17.39839
52.468,38.03873,-78.46613,19.88388
53.471,38.03879,-78.46622,22.36936
54.457,38.03885,-78.46633,22.36936
55.462,38.0389,-78.46643,24.85485
56.479,38.03895,-78.46652,24.85485
57.461,38.03899,-78.46663,22.36936
58.476,38.03901,-78.46671,19.88388
59.600,38.03902,-78.46679,19.88388
60.469,38.03903,-78.46685,19.88388
61.457,38.03903,-78.4669,8.699197
62.363,38.03904,-78.46693,6.213712
63.471,38.03904,-78.46694,2.485485
64.365,38.03904,-78.46695,2.485485
65.469,38.03904,-78.46695,0
66.363,38.03904,-78.46695,0
78.364,38.03902,-78.46696,1.242742
79.470,38.03902,-78.467,6.213712
80.363,38.03903,-78.46704,9.941939
81.469,38.03903,-78.46712,12.42742
82.470,38.03904,-78.46722,18.64114
83.470,38.03904,-78.46733,18.64114
84.469,38.03903,-78.46745,19.88388
85.469,38.03903,-78.46759,27.34033
86.472,38.03903,-78.46774,28.58307
87.470,38.03903,-78.46789,29.82582
88.471,38.03902,-78.46806,31.06856
89.470,38.03903,-78.46822,33.55404
90.469,38.03902,-78.4684,34.79679
91.469,38.03901,-78.46857,36.03953
92.467,38.03901,-78.46878,38.52501
93.471,38.03902,-78.46899,38.52501
94.470,38.03905,-78.46922,47.22421
95.470,38.0391,-78.46947,49.70969
96.471,38.03917,-78.46972,49.70969
97.469,38.03926,-78.46995,50.95244
98.469,38.03938,-78.47018,50.95244
99.469,38.0395,-78.47038,50.95244
100.470,38.03963,-78.4706,50.95244
101.469,38.03976,-78.47079,50.95244
102.467,38.03989,-78.47096,50.95244
103.469,38.04004,-78.47115,50.95244
104.469,38.04017,-78.47135,50.95244
105.470,38.0403,-78.47154,49.70969
106.456,38.04042,-78.47173,49.70969
107.460,38.04053,-78.47192,48.46695
108.468,38.04065,-78.4721,48.46695
109.468,38.04077,-78.47228,45.98147
110.469,38.04087,-78.47247,44.73873
111.471,38.04097,-78.47266,45.98147
112.470,38.04108,-78.47284,45.98147
113.470,38.04119,-78.47302,47.22421
114.468,38.04133,-78.4732,47.22421
115.470,38.04146,-78.47336,47.22421
116.471,38.0416,-78.47353,48.46695
117.470,38.04174,-78.4737,48.46695
118.470,38.04189,-78.47387,49.70969
119.469,38.04204,-78.47402,49.70969
120.471,38.04219,-78.47417,49.70969
121.469,38.04234,-78.47433,48.46695
122.469,38.04249,-78.47447,48.46695
123.471,38.04264,-78.47462,48.46695
124.470,38.04279,-78.47476,47.22421
125.469,38.04293,-78.47492,47.22421
126.465,38.04308,-78.47509,48.46695
127.469,38.04321,-78.47527,49.70969
128.470,38.04333,-78.47546,49.70969
129.471,38.04345,-78.47566,49.70969
130.471,38.04356,-78.47586,48.46695
131.469,38.04366,-78.47607,48.46695
132.468,38.04375,-78.47627,49.70969
133.470,38.04385,-78.47648,49.70969
134.471,38.04396,-78.4767,49.70969
135.471,38.04407,-78.47691,49.70969
136.470,38.04419,-78.4771,49.70969
137.470,38.0443,-78.47729,48.46695
138.469,38.04442,-78.47746,47.22421
139.469,38.04455,-78.47763,48.46695
140.468,38.04468,-78.4778,45.98147
141.469,38.04482,-78.47796,45.98147
142.470,38.04496,-78.47811,47.22421
143.466,38.04509,-78.47826,47.22421
144.470,38.04523,-78.4784,47.22421
145.469,38.04538,-78.47854,44.73873
146.467,38.04552,-78.47866,45.98147
147.470,38.04568,-78.47879,45.98147
148.469,38.04583,-78.4789,45.98147
149.470,38.04599,-78.479,44.73873
150.469,38.04615,-78.47909,43.49598
151.471,38.04631,-78.47917,43.49598
152.468,38.04647,-78.47924,42.25324
153.470,38.04662,-78.47929,42.25324
154.470,38.04678,-78.47934,39.76776
155.469,38.04693,-78.47939,38.52501
156.470,38.04708,-78.47944,38.52501
157.469,38.04722,-78.47948,36.03953
158.471,38.04735,-78.47953,37.28227
159.470,38.04749,-78.47958,36.03953
160.468,38.04762,-78.47962,36.03953
161.469,38.04776,-78.47965,36.03953
162.469,38.0479,-78.47969,37.28227
163.470,38.04805,-78.47974,38.52501
164.469,38.04821,-78.47978,38.52501
165.469,38.04836,-78.47984,38.52501
166.469,38.04851,-78.47988,38.52501
167.470,38.04866,-78.47993,39.76776
168.468,38.04882,-78.47999,41.0105
169.468,38.04899,-78.48004,43.49598
170.470,38.04916,-78.4801,44.73873
171.468,38.04933,-78.48016,45.98147
172.469,38.04951,-78.48022,45.98147
173.469,38.04969,-78.48029,47.22421
174.469,38.04987,-78.48035,45.98147
175.477,38.05004,-78.48042,47.22421
176.470,38.05022,-78.48048,45.98147
177.469,38.05039,-78.48055,45.98147
178.469,38.05055,-78.48061,44.73873
179.468,38.05072,-78.48068,43.49598
180.469,38.05088,-78.48075,45.98147
181.469,38.05105,-78.48083,45.98147
182.470,38.05123,-78.4809,45.98147
183.469,38.0514,-78.48096,45.98147
184.470,38.05156,-78.48103,45.98147
185.469,38.05173,-78.48112,45.98147
186.469,38.0519,-78.48119,45.98147
187.471,38.05207,-78.48126,47.22421
188.469,38.05225,-78.48134,45.98147
189.470,38.05242,-78.48141,47.22421
190.470,38.0526,-78.48149,45.98147
191.469,38.05277,-78.48158,45.98147
192.469,38.05293,-78.48167,45.98147
193.471,38.05311,-78.48174,44.73873
194.471,38.05327,-78.48182,44.73873
195.470,38.05342,-78.48189,43.49598
196.470,38.05357,-78.48196,43.49598
197.470,38.05371,-78.48204,42.25324
198.468,38.05387,-78.48214,41.0105
199.469,38.05401,-78.48225,41.0105
200.470,38.05414,-78.48234,41.0105
201.472,38.05429,-78.48246,42.25324
202.469,38.05443,-78.48258,42.25324
203.463,38.05457,-78.48271,42.25324
204.469,38.0547,-78.48283,42.25324
205.470,38.05484,-78.48296,43.49598
206.471,38.05498,-78.48309,43.49598
207.466,38.05511,-78.48324,43.49598
208.480,38.05524,-78.4834,44.73873
209.469,38.05536,-78.48356,45.98147
210.469,38.05547,-78.48372,44.73873
211.471,38.05559,-78.48389,45.98147
212.469,38.05569,-78.48406,44.73873
213.470,38.0558,-78.48424,43.49598
214.469,38.05589,-78.48441,42.25324
215.470,38.05598,-78.48459,42.25324
216.469,38.05606,-78.48477,41.0105
217.470,38.05614,-78.48495,41.0105
218.470,38.0562,-78.48514,41.0105
219.471,38.05627,-78.48532,39.76776
220.469,38.05632,-78.4855,39.76776
221.466,38.05637,-78.48568,37.28227
222.472,38.05641,-78.48586,37.28227
223.471,38.05645,-78.48603,37.28227
224.469,38.05649,-78.48621,36.03953
225.470,38.05651,-78.48637,34.79679
226.469,38.05654,-78.48653,32.3113
227.473,38.05656,-78.48668,29.82582
228.471,38.05658,-78.48682,28.58307
229.468,38.05659,-78.48697,28.58307
230.465,38.05661,-78.4871,27.34033
231.469,38.05662,-78.48722,26.09759
232.469,38.05664,-78.48733,21.12662
233.466,38.05664,-78.48742,19.88388
234.471,38.05665,-78.4875,17.39839
235.466,38.05665,-78.48756,14.91291
236.469,38.05666,-78.48763,13.67017
237.470,38.05666,-78.4877,12.42742
238.469,38.05667,-78.48777,13.67017
239.472,38.05667,-78.48785,14.91291
240.471,38.05667,-78.48793,17.39839
241.470,38.05667,-78.48801,16.15565
242.471,38.05667,-78.4881,17.39839
243.470,38.05668,-78.48817,16.15565
244.468,38.05669,-78.48824,14.91291
245.469,38.05669,-78.4883,12.42742
246.374,38.0567,-78.48833,8.699197
247.470,38.0567,-78.48836,4.97097
248.362,38.05671,-78.48837,3.728227
249.470,38.05671,-78.48837,2.485485
250.366,38.05671,-78.48838,0
251.461,38.05672,-78.48839,0
252.373,38.05672,-78.48839,0
253.644,38.05671,-78.48839,0
254.354,38.05671,-78.48839,0
255.381,38.05671,-78.48839,0
256.364,38.05671,-78.48838,0
257.380,38.05671,-78.48839,0
258.360,38.05671,-78.48839,0
259.381,38.05671,-78.48839,0
260.361,38.05671,-78.48839,0
261.985,38.05671,-78.48839,0
262.363,38.05671,-78.48839,0
263.383,38.05671,-78.48838,0
264.355,38.05671,-78.48838,0
265.383,38.05671,-78.48839,0
266.366,38.05671,-78.48839,0
267.372,38.05671,-78.48839,0
268.364,38.0567,-78.48839,0
269.380,38.0567,-78.48839,0
270.363,38.0567,-78.48839,0
271.380,38.05669,-78.48838,0
272.363,38.05669,-78.48839,0
273.379,38.05669,-78.48839,0
274.363,38.05669,-78.48839,0
275.381,38.05669,-78.48839,0
276.366,38.05669,-78.48839,0
277.380,38.05669,-78.48839,0
278.365,38.05669,-78.48839,0
279.379,38.05669,-78.48839,0
280.365,38.05669,-78.48839,0
281.381,38.05669,-78.4884,0
282.359,38.05669,-78.4884,0
283.380,38.0567,-78.48841,0
284.365,38.0567,-78.48842,0
285.368,38.0567,-78.48842,0
286.360,38.0567,-78.48843,0
287.380,38.05671,-78.48843,0
288.358,38.05671,-78.48843,0
289.381,38.05671,-78.48843,0
290.365,38.05671,-78.48843,0
291.382,38.05672,-78.48843,0
292.362,38.05671,-78.48843,0
293.380,38.05671,-78.48843,0
294.723,38.05671,-78.48843,1.242742
295.379,38.05671,-78.48843,1.242742
296.364,38.05671,-78.48846,4.97097
297.379,38.05671,-78.48849,4.97097
298.363,38.05672,-78.48854,8.699197
299.470,38.05672,-78.48861,13.67017
300.470,38.05674,-78.4887,17.39839
301.470,38.05675,-78.48882,22.36936
302.470,38.05676,-78.48895,22.36936
303.469,38.05679,-78.48908,28.58307
304.469,38.0568,-78.48923,29.82582
305.470,38.05682,-78.4894,32.3113
306.470,38.05684,-78.48959,37.28227
307.470,38.05686,-78.48979,38.52501
308.470,38.05688,-78.49,41.0105
309.470,38.0569,-78.49023,43.49598
310.468,38.05693,-78.49045,45.98147
311.470,38.05695,-78.49067,45.98147
312.470,38.05698,-78.4909,45.98147
313.468,38.057,-78.49113,45.98147
314.467,38.05703,-78.49136,45.98147
315.469,38.05705,-78.49158,45.98147
316.469,38.05708,-78.49181,45.98147
317.466,38.0571,-78.49204,47.22421
318.470,38.05713,-78.49227,47.22421
319.470,38.05715,-78.4925,47.22421
320.468,38.05717,-78.49272,45.98147
321.470,38.0572,-78.49296,45.98147
322.471,38.05723,-78.49319,45.98147
323.470,38.05725,-78.49342,45.98147
324.467,38.05728,-78.49365,47.22421
325.469,38.05731,-78.4939,48.46695
326.471,38.05733,-78.49413,48.46695
327.468,38.05736,-78.49438,49.70969
328.469,38.05739,-78.49463,49.70969
329.471,38.05742,-78.49487,49.70969
330.470,38.05744,-78.49512,49.70969
331.470,38.05747,-78.49538,50.95244
332.471,38.05749,-78.49562,50.95244
333.470,38.05751,-78.49586,48.46695
334.470,38.05753,-78.49609,47.22421
335.469,38.05754,-78.49629,43.49598
336.471,38.05755,-78.49647,39.76776
337.470,38.05757,-78.49663,33.55404
338.472,38.05758,-78.49677,31.06856
339.469,38.05759,-78.49691,28.58307
340.470,38.0576,-78.49702,24.85485
341.470,38.05761,-78.49713,22.36936
342.471,38.05762,-78.49722,21.12662
343.470,38.05763,-78.49731,17.39839
344.470,38.05764,-78.49738,14.91291
345.469,38.05764,-78.49743,12.42742
346.364,38.05764,-78.49747,8.699197
347.470,38.05764,-78.49747,2.485485
348.362,38.05764,-78.49747,2.485485
349.466,38.05764,-78.49747,0
350.363,38.05764,-78.49747,0
351.469,38.05764,-78.49747,0
352.363,38.05764,-78.49747,0
353.466,38.05764,-78.49747,0
354.362,38.05764,-78.49747,0
355.470,38.05764,-78.49747,0
356.363,38.05764,-78.49747,0
357.470,38.05764,-78.49747,0
358.363,38.05764,-78.49747,0
360.364,38.05764,-78.49747,0
362.363,38.05764,-78.49747,0
363.470,38.05764,-78.49747,0
364.362,38.05764,-78.49747,0
365.470,38.05764,-78.49747,0
366.365,38.05764,-78.49747,0
367.472,38.05764,-78.49747,0
368.363,38.05764,-78.49747,0
369.470,38.05764,-78.49747,0
370.365,38.05764,-78.49747,0
371.469,38.05764,-78.49748,4.97097
372.365,38.05764,-78.49753,4.97097
373.471,38.05763,-78.49759,9.941939
374.469,38.05758,-78.49766,16.15565
375.470,38.05751,-78.4977,18.64114
376.466,38.05743,-78.49773,19.88388
377.469,38.05736,-78.49774,19.88388
378.469,38.05728,-78.49775,21.12662
379.469,38.0572,-78.49774,22.36936
380.471,38.05712,-78.4977,22.36936
381.466,38.05704,-78.49765,23.6121
382.463,38.05698,-78.49756,23.6121
383.471,38.05694,-78.49746,23.6121
384.470,38.05693,-78.49734,23.6121
385.470,38.05692,-78.4972,24.85485
386.470,38.05692,-78.49708,24.85485
387.470,38.05692,-78.49696,26.09759
388.470,38.05692,-78.49684,24.85485
389.470,38.05692,-78.49673,23.6121
390.471,38.05691,-78.49664,21.12662
391.469,38.05688,-78.49655,18.64114
392.469,38.05684,-78.49648,17.39839
393.470,38.05679,-78.49641,17.39839
394.471,38.05674,-78.49638,16.15565
395.469,38.05669,-78.49635,11.18468
396.365,38.05666,-78.49634,8.699197
397.469,38.05666,-78.49633,3.728227
398.363,38.05665,-78.49633,1.242742
399.469,38.05665,-78.49633,0
400.364,38.05665,-78.49633,0
401.469,38.05665,-78.49634,0
402.359,38.05664,-78.49633,1.242742
403.469,38.05659,-78.49632,6.213712
404.470,38.05653,-78.49629,13.67017
405.470,38.05645,-78.4963,17.39839
406.471,38.05637,-78.49634,19.88388
407.469,38.05629,-78.49638,23.6121
408.471,38.05619,-78.49644,26.09759
409.470,38.05609,-78.49652,27.34033
410.469,38.05598,-78.4966,32.3113
411.471,38.05586,-78.49668,32.3113
412.468,38.05575,-78.49677,33.55404
413.469,38.05563,-78.49684,32.3113
414.470,38.05552,-78.49692,32.3113
415.470,38.0554,-78.497,32.3113
416.469,38.05529,-78.49708,32.3113
417.469,38.05518,-78.49716,33.55404
418.471,38.05506,-78.49725,33.55404
419.469,38.05495,-78.49734,33.55404
420.471,38.05483,-78.49744,34.79679
421.469,38.05471,-78.49754,34.79679
422.467,38.0546,-78.49763,33.55404
423.471,38.0545,-78.49772,33.55404
424.470,38.05439,-78.4978,31.06856
425.469,38.05429,-78.49789,31.06856
426.469,38.05419,-78.49797,29.82582
427.468,38.0541,-78.49805,29.82582
428.470,38.05401,-78.49812,27.34033
429.470,38.05392,-78.49818,27.34033
430.469,38.05382,-78.49825,27.34033
431.470,38.05374,-78.49831,26.09759
432.468,38.05365,-78.49837,24.85485
433.471,38.05357,-78.49843,24.85485
434.468,38.05349,-78.49849,23.6121
435.470,38.05342,-78.49854,22.36936
436.469,38.05337,-78.49859,18.64114
437.472,38.05331,-78.49863,16.15565
438.468,38.05326,-78.49867,16.15565
439.423,38.05321,-78.49872,16.15565
440.469,38.05315,-78.49876,16.15565
441.469,38.0531,-78.49881,16.15565
442.471,38.05305,-78.49885,16.15565
443.468,38.05301,-78.49887,11.18468
444.361,38.05299,-78.49889,8.699197
445.471,38.05299,-78.49889,3.728227
446.363,38.05299,-78.49889,1.242742
447.459,38.05299,-78.49889,0
448.365,38.05299,-78.49889,0
449.470,38.05299,-78.49889,0
450.365,38.05298,-78.49888,0
451.470,38.05297,-78.49888,0
452.365,38.05297,-78.49888,0
453.469,38.05297,-78.49887,0
454.364,38.05297,-78.49887,0
455.470,38.05297,-78.49887,0
456.363,38.05297,-78.49887,0
457.471,38.05297,-78.49888,0
458.360,38.05297,-78.49888,0
459.473,38.05297,-78.49888,0
460.364,38.05297,-78.49888,0
461.470,38.05297,-78.49888,0
462.364,38.05297,-78.49888,0
463.470,38.05297,-78.49889,0
464.362,38.05297,-78.49889,0
465.472,38.05297,-78.49889,0
469.468,38.05297,-78.49889,0
470.367,38.05297,-78.49889,0
471.471,38.05297,-78.49889,0
472.364,38.05297,-78.49889,0
473.471,38.05297,-78.49889,0
474.364,38.05297,-78.49889,0
475.470,38.05297,-78.49889,0
476.365,38.05297,-78.49889,0
477.471,38.05296,-78.49889,0
478.351,38.05296,-78.49889,0
479.456,38.05296,-78.49889,0
480.354,38.05296,-78.49889,0
481.473,38.05296,-78.49889,0
482.363,38.05296,-78.49889,0
483.467,38.05296,-78.49889,0
484.364,38.05296,-78.49889,0
485.471,38.05295,-78.49888,0
486.359,38.05296,-78.49889,0
487.469,38.05296,-78.49889,0
488.363,38.05296,-78.49888,0
489.464,38.05296,-78.49888,0
490.363,38.05296,-78.49888,0
491.469,38.05295,-78.49887,0
492.357,38.05296,-78.49887,0
493.471,38.05296,-78.49887,0
505.371,38.05297,-78.49887,0
506.362,38.05296,-78.49888,0
507.373,38.05295,-78.49887,0
508.364,38.05294,-78.49887,0
509.373,38.05295,-78.49887,0
510.362,38.05295,-78.49887,0
511.375,38.05294,-78.49887,0
512.356,38.05293,-78.49886,0
513.376,38.05293,-78.49886,0
514.354,38.05292,-78.49886,0
515.380,38.05292,-78.49886,0
516.357,38.05292,-78.49886,0
517.367,38.05291,-78.49886,0
518.354,38.05291,-78.49886,0
519.437,38.05292,-78.49886,0
520.371,38.05292,-78.49886,0
521.378,38.05292,-78.49886,0
522.364,38.05292,-78.49886,0
523.381,38.05292,-78.49886,0
553.378,38.05296,-78.49889,1.242742
554.364,38.05294,-78.49889,1.242742
555.381,38.05291,-78.49892,2.485485
556.364,38.05287,-78.49895,11.18468
557.473,38.05281,-78.49899,13.67017
558.470,38.05274,-78.49899,16.15565
559.468,38.05266,-78.49897,18.64114
560.470,38.05258,-78.49892,21.12662
561.470,38.0525,-78.49886,23.6121
562.469,38.05241,-78.49878,26.09759
563.469,38.05231,-78.4987,28.58307
564.471,38.05221,-78.4986,32.3113
565.471,38.0521,-78.4985,32.3113
566.471,38.05199,-78.49839,33.55404
567.470,38.05189,-78.49829,33.55404
568.469,38.05179,-78.49818,34.79679
569.473,38.05169,-78.49808,33.55404
570.470,38.05159,-78.49799,32.3113
571.469,38.05151,-78.4979,29.82582
572.469,38.05141,-78.49783,28.58307
573.471,38.05133,-78.49776,29.82582
574.470,38.05125,-78.49769,28.58307
575.470,38.05118,-78.49763,26.09759
576.470,38.0511,-78.49757,24.85485
577.468,38.05104,-78.49751,24.85485
578.468,38.051,-78.4975,12.42742
579.364,38.05099,-78.4975,12.42742
580.470,38.05099,-78.49751,12.42742
581.365,38.05097,-78.49752,6.213712
582.470,38.05095,-78.49753,4.97097
583.363,38.05093,-78.49756,7.456454
584.469,38.05091,-78.4976,8.699197
585.365,38.05088,-78.49762,9.941939
586.470,38.05085,-78.49763,9.941939
587.364,38.05083,-78.49766,11.18468
588.469,38.05081,-78.49767,8.699197
589.364,38.05079,-78.4977,6.213712
590.471,38.05078,-78.49773,6.213712
591.364,38.05077,-78.49776,6.213712
592.470,38.05077,-78.4978,6.213712
593.365,38.05077,-78.49783,4.97097
594.469,38.05075,-78.49786,6.213712
595.360,38.05074,-78.49788,6.213712
596.471,38.05072,-78.49788,3.728227
597.360,38.05071,-78.49788,3.728227
598.465,38.0507,-78.49787,2.485485
599.361,38.0507,-78.49788,0
600.470,38.0507,-78.49789,0
601.361,38.05071,-78.49789,0
602.468,38.05071,-78.49789,2.485485
603.360,38.05072,-78.49789,2.485485
604.470,38.05072,-78.49789,0
605.362,38.05071,-78.49789,0
606.471,38.05071,-78.4979,0
607.365,38.05071,-78.4979,0
608.465,38.0507,-78.49789,2.485485
609.364,38.05069,-78.49788,2.485485
610.469,38.05069,-78.49786,4.97097
611.363,38.05069,-78.49785,3.728227
612.468,38.0507,-78.49784,2.485485
613.362,38.0507,-78.49784,1.242742
614.460,38.05071,-78.49785,0
615.365,38.05071,-78.49785,0
616.459,38.0507,-78.49784,0
617.367,38.05072,-78.49784,0
618.376,38.05073,-78.49784,0
619.366,38.05073,-78.49784,0
620.381,38.05074,-78.49784,0
621.364,38.05075,-78.49784,0
622.381,38.05076,-78.49783,0
623.363,38.05076,-78.49783,0
624.378,38.05077,-78.49783,0
625.496,38.05076,-78.49783,0
626.368,38.05076,-78.49784,0
627.365,38.05075,-78.49784,0
628.375,38.05075,-78.49784,0
632.378,38.05078,-78.49776,8.699197
633.363,38.05081,-78.49772,8.699197
634.378,38.05083,-78.49769,9.941939
635.364,38.05085,-78.49766,9.941939
636.379,38.05087,-78.49764,9.941939
637.361,38.05089,-78.49763,8.699197
638.380,38.0509,-78.4976,6.213712
639.365,38.0509,-78.49758,4.97097
640.380,38.0509,-78.49757,3.728227
641.365,38.05091,-78.49756,2.485485
642.380,38.05091,-78.49755,2.485485
643.364,38.05091,-78.49755,1.242742
644.379,38.05091,-78.49754,0
645.361,38.05092,-78.49753,0
646.378,38.05092,-78.49752,0
653.363,38.05092,-78.49752,0
654.380,38.05092,-78.49752,0
655.365,38.05092,-78.49752,0
656.381,38.05092,-78.49752,0
657.361,38.05092,-78.49752,0
658.380,38.05092,-78.49752,0
659.363,38.05092,-78.49752,0
660.383,38.05092,-78.49752,0
661.363,38.05092,-78.49752,0
662.382,38.05092,-78.49752,0
663.364,38.05092,-78.49752,0
664.381,38.05092,-78.49752,0
665.363,38.05092,-78.49752,0
666.380,38.05092,-78.49752,0
667.363,38.05092,-78.49752,0
668.379,38.05092,-78.49752,0
669.364,38.05092,-78.49752,0
670.380,38.05092,-78.49752,0
671.363,38.05092,-78.49752,0
672.380,38.05092,-78.49752,0
673.364,38.05095,-78.49747,1.242742
674.381,38.05095,-78.49745,2.485485
675.364,38.05094,-78.49743,4.97097
676.381,38.05092,-78.49739,8.699197
677.368,38.05088,-78.49735,11.18468
678.467,38.05083,-78.49731,18.64114
679.468,38.05078,-78.49725,18.64114
680.470,38.05071,-78.49718,23.6121
681.470,38.05063,-78.49709,26.09759
682.469,38.05054,-78.497,28.58307
683.469,38.05045,-78.49692,31.06856
684.471,38.05035,-78.49683,31.06856
685.455,38.05026,-78.49676,31.06856
686.471,38.05014,-78.49668,32.3113
687.456,38.05004,-78.4966,32.3113
688.469,38.04993,-78.49651,32.3113
689.470,38.04984,-78.49643,32.3113
690.470,38.04973,-78.49634,32.3113
691.471,38.04962,-78.49623,32.3113
692.470,38.04951,-78.49612,32.3113
693.487,38.0494,-78.49601,32.3113
694.471,38.0493,-78.49591,33.55404
695.471,38.04918,-78.4958,32.3113
696.469,38.04909,-78.4957,31.06856
697.470,38.049,-78.49559,31.06856
698.471,38.04891,-78.49547,29.82582
699.471,38.04885,-78.49535,28.58307
700.470,38.04879,-78.49522,27.34033
701.471,38.04875,-78.49509,27.34033
702.469,38.04872,-78.49496,26.09759
703.470,38.04869,-78.49483,27.34033
704.470,38.04867,-78.49467,31.06856
705.471,38.04865,-78.49451,33.55404
706.470,38.04861,-78.49435,33.55404
707.470,38.04856,-78.49419,34.79679
708.473,38.0485,-78.49401,34.79679
709.470,38.04844,-78.49385,37.28227
710.471,38.04837,-78.4937,36.03953
711.472,38.04827,-78.49357,36.03953
712.471,38.04816,-78.49345,34.79679
713.469,38.04806,-78.49335,32.3113
714.470,38.04795,-78.49327,31.06856
715.472,38.04784,-78.49321,29.82582
716.471,38.04774,-78.49316,28.58307
717.469,38.04764,-78.49312,27.34033
718.474,38.04753,-78.49309,27.34033
719.470,38.04742,-78.49308,29.82582
720.463,38.04731,-78.49309,28.58307
721.465,38.04722,-78.4931,26.09759
722.473,38.04712,-78.49312,22.36936
723.467,38.04704,-78.49313,23.6121
724.472,38.04696,-78.49314,23.6121
725.470,38.04688,-78.49314,19.88388
726.469,38.04682,-78.49314,18.64114
727.470,38.04677,-78.49314,16.15565
728.466,38.04673,-78.49314,13.67017
729.367,38.0467,-78.49313,7.456454
730.467,38.04668,-78.49313,7.456454
731.364,38.04668,-78.49313,7.456454
732.469,38.04667,-78.49313,0
733.365,38.04667,-78.49314,0
734.469,38.04666,-78.49314,0
735.363,38.04666,-78.49315,0
736.472,38.04666,-78.49315,0
737.363,38.04665,-78.49315,0
738.468,38.04664,-78.49315,2.485485
739.365,38.0466,-78.49315,6.213712
740.380,38.04656,-78.49314,9.941939
741.471,38.0465,-78.49312,13.67017
742.476,38.04646,-78.49308,13.67017
743.470,38.04641,-78.49302,14.91291
744.467,38.04641,-78.49293,18.64114
745.470,38.0464,-78.49282,19.88388
746.464,38.04639,-78.49271,23.6121
747.457,38.04638,-78.49257,26.09759
748.471,38.04637,-78.49243,29.82582
749.466,38.04635,-78.49228,29.82582
750.471,38.04632,-78.49212,31.06856
751.470,38.0463,-78.49195,33.55404
752.469,38.04629,-78.49178,33.55404
753.471,38.04627,-78.49161,33.55404
754.473,38.04625,-78.49143,33.55404
755.471,38.04623,-78.49126,36.03953
756.469,38.04621,-78.49108,36.03953
757.470,38.04618,-78.49091,34.79679
758.472,38.04616,-78.49075,33.55404
759.469,38.04615,-78.49059,32.3113
760.470,38.04614,-78.49044,32.3113
761.467,38.04612,-78.4903,31.06856
762.469,38.04609,-78.49015,29.82582
763.470,38.04608,-78.49001,29.82582
764.470,38.04607,-78.48987,29.82582
765.471,38.04604,-78.48971,29.82582
766.470,38.04602,-78.48956,29.82582
767.472,38.04601,-78.4894,31.06856
768.470,38.04598,-78.48923,32.3113
769.470,38.04596,-78.48907,33.55404
770.470,38.04594,-78.4889,34.79679
771.473,38.04592,-78.48872,34.79679
772.472,38.0459,-78.48855,36.03953
773.469,38.04588,-78.48838,34.79679
774.471,38.04586,-78.48821,33.55404
775.471,38.04584,-78.48804,33.55404
776.470,38.04583,-78.48788,33.55404
777.470,38.04581,-78.48772,32.3113
778.469,38.04578,-78.48757,32.3113
779.471,38.04576,-78.48741,31.06856
780.468,38.04575,-78.48727,31.06856
781.470,38.04573,-78.48711,29.82582
782.477,38.04572,-78.48696,29.82582
783.474,38.0457,-78.48681,29.82582
784.469,38.04568,-78.48666,28.58307
785.469,38.04567,-78.48652,29.82582
786.469,38.04565,-78.48637,29.82582
787.472,38.04563,-78.48622,31.06856
788.471,38.04561,-78.48607,29.82582
789.470,38.04559,-78.48592,29.82582
790.470,38.04558,-78.48579,28.58307
791.470,38.04557,-78.48565,28.58307
792.471,38.04556,-78.48551,28.58307
793.471,38.04554,-78.48537,27.34033
794.470,38.04552,-78.48524,28.58307
795.471,38.04551,-78.48512,26.09759
796.470,38.04549,-78.48499,26.09759
797.469,38.04547,-78.48487,24.85485
798.469,38.04546,-78.48474,26.09759
799.472,38.04544,-78.48461,24.85485
800.471,38.04542,-78.48448,26.09759
801.473,38.0454,-78.48434,27.34033
802.470,38.04539,-78.48421,28.58307
803.470,38.04538,-78.48412,21.12662
804.469,38.04537,-78.48404,18.64114
805.469,38.04536,-78.48397,14.91291
806.366,38.04536,-78.48393,11.18468
807.466,38.04536,-78.48391,6.213712
808.355,38.04535,-78.4839,3.728227
809.463,38.04535,-78.48389,0
810.448,38.04535,-78.48389,0
811.459,38.04535,-78.48389,0
812.363,38.04534,-78.48388,0
813.460,38.04535,-78.48388,0
814.364,38.04534,-78.48388,0
815.381,38.04535,-78.48388,0
816.364,38.04535,-78.48388,0
817.381,38.04535,-78.48388,0
818.362,38.04534,-78.48387,0
819.381,38.04533,-78.48386,1.242742
820.365,38.04533,-78.48382,6.213712
821.370,38.04532,-78.48376,11.18468
822.465,38.04532,-78.48368,13.67017
823.470,38.04531,-78.48359,14.91291
824.469,38.04529,-78.48348,14.91291
825.472,38.04528,-78.48337,22.36936
826.472,38.04526,-78.48324,26.09759
827.465,38.04525,-78.48309,27.34033
828.470,38.04524,-78.48294,31.06856
829.472,38.04523,-78.48279,31.06856
830.466,38.04521,-78.48261,34.79679
831.471,38.04519,-78.48242,36.03953
832.468,38.04517,-78.48225,37.28227
833.470,38.04514,-78.48207,36.03953
834.469,38.04512,-78.4819,36.03953
835.473,38.0451,-78.48174,32.3113
836.470,38.04508,-78.48159,32.3113
837.471,38.04506,-78.48144,31.06856
838.470,38.04504,-78.48129,31.06856
839.471,38.04502,-78.48114,31.06856
840.468,38.04501,-78.48099,31.06856
841.470,38.04498,-78.48083,32.3113
842.470,38.04496,-78.48066,33.55404
843.468,38.04494,-78.48049,33.55404
844.464,38.04492,-78.48032,33.55404
845.465,38.04491,-78.48017,32.3113
846.469,38.0449,-78.48002,31.06856
847.472,38.0449,-78.47987,28.58307
848.469,38.04493,-78.47974,28.58307
849.464,38.04496,-78.47961,28.58307
850.468,38.045,-78.47948,28.58307
851.470,38.04505,-78.47936,27.34033
852.472,38.04511,-78.47926,28.58307
853.470,38.04517,-78.47913,28.58307
854.470,38.04525,-78.47902,28.58307
855.473,38.04534,-78.47892,29.82582
856.468,38.04544,-78.47884,29.82582
857.471,38.04554,-78.47876,31.06856
858.470,38.04564,-78.47868,31.06856
859.471,38.04574,-78.47858,29.82582
860.472,38.04584,-78.47851,29.82582
861.471,38.04594,-78.47844,28.58307
862.471,38.04604,-78.47838,28.58307
863.472,38.04614,-78.47831,27.34033
864.467,38.04624,-78.47825,26.09759
865.473,38.04633,-78.47818,27.34033
866.469,38.04642,-78.47813,26.09759
867.471,38.0465,-78.47806,24.85485
868.472,38.04658,-78.478,23.6121
869.463,38.04666,-78.47797,22.36936
870.471,38.04674,-78.47796,21.12662
871.471,38.04681,-78.47797,18.64114
872.474,38.04688,-78.478,18.64114
873.471,38.04694,-78.47803,18.64114
874.469,38.04699,-78.4781,17.39839
875.468,38.04702,-78.47817,18.64114
876.469,38.04706,-78.47826,18.64114
877.471,38.04708,-78.47837,21.12662
878.470,38.04711,-78.47848,21.12662
879.470,38.04715,-78.47858,22.36936
880.472,38.04718,-78.47869,23.6121
881.470,38.04723,-78.47879,23.6121
882.470,38.04729,-78.47888,23.6121
883.469,38.04736,-78.47897,23.6121
884.471,38.04743,-78.47903,21.12662
885.471,38.0475,-78.47908,21.12662
886.471,38.04757,-78.47913,21.12662
887.470,38.04763,-78.47917,21.12662
888.470,38.0477,-78.47921,19.88388
889.471,38.04777,-78.47923,18.64114
890.470,38.04784,-78.47925,18.64114
891.473,38.0479,-78.47924,16.15565
892.474,38.04796,-78.47921,16.15565
893.471,38.04802,-78.47917,16.15565
894.466,38.04807,-78.47913,14.91291
895.470,38.04811,-78.47906,16.15565
896.474,38.04816,-78.47901,16.15565
897.469,38.04821,-78.47896,16.15565
898.467,38.04826,-78.4789,16.15565
899.470,38.04831,-78.47885,16.15565
900.470,38.04835,-78.4788,14.91291
901.470,38.04839,-78.47876,13.67017
902.366,38.04842,-78.47873,12.42742
903.470,38.04845,-78.4787,9.941939
904.364,38.04848,-78.47867,9.941939
905.470,38.04852,-78.47863,11.18468
906.363,38.04856,-78.4786,11.18468
907.470,38.0486,-78.47855,12.42742
908.473,38.04864,-78.47851,13.67017
909.470,38.04868,-78.47847,12.42742
910.471,38.04871,-78.47843,13.67017
911.363,38.04875,-78.47839,12.42742
912.470,38.04879,-78.47836,12.42742
913.364,38.04883,-78.47832,12.42742
914.470,38.04887,-78.47829,12.42742
915.363,38.0489,-78.47826,11.18468
916.471,38.04893,-78.47822,11.18468
917.366,38.04895,-78.47818,9.941939
918.459,38.04895,-78.47814,11.18468
919.363,38.04895,-78.47808,11.18468
920.470,38.04894,-78.47802,11.18468
921.365,38.04894,-78.47796,12.42742
922.473,38.04897,-78.47791,13.67017
923.365,38.04902,-78.47788,12.42742
924.472,38.04906,-78.47789,12.42742
925.471,38.04911,-78.47793,12.42742
926.468,38.04914,-78.47797,13.67017
927.364,38.04917,-78.47803,12.42742
928.469,38.04918,-78.4781,13.67017
929.364,38.04917,-78.47816,12.42742
930.470,38.04914,-78.4782,12.42742
931.365,38.0491,-78.47823,12.42742
932.470,38.04906,-78.47825,12.42742
933.365,38.04902,-78.47827,12.42742
934.473,38.04897,-78.47829,13.67017
935.469,38.04892,-78.47835,14.91291
936.470,38.04887,-78.4784,16.15565
937.469,38.04881,-78.47845,17.39839
938.468,38.04876,-78.47852,18.64114
939.471,38.0487,-78.47858,18.64114
940.470,38.04865,-78.47863,17.39839
941.469,38.04859,-78.47868,17.39839
942.471,38.04854,-78.47873,16.15565
943.468,38.0485,-78.47878,16.15565
944.464,38.04845,-78.47882,13.67017
945.469,38.04841,-78.47887,13.67017
946.473,38.04836,-78.47891,14.91291
947.470,38.04831,-78.47896,16.15565
948.473,38.04826,-78.479,16.15565
949.470,38.04822,-78.47905,14.91291
950.468,38.04817,-78.4791,14.91291
951.470,38.04813,-78.47914,14.91291
952.472,38.04808,-78.47919,16.15565
953.465,38.04802,-78.47924,16.15565
954.470,38.04797,-78.47927,16.15565
955.470,38.0479,-78.47929,16.15565
956.470,38.04784,-78.47929,14.91291
957.470,38.04777,-78.47927,16.15565
958.470,38.0477,-78.47924,17.39839
959.470,38.04763,-78.47921,18.64114
960.470,38.04756,-78.47916,19.88388
961.472,38.04749,-78.47912,19.88388
962.470,38.04742,-78.47906,21.12662
963.466,38.04736,-78.47899,21.12662
964.471,38.04729,-78.47892,21.12662
965.467,38.04723,-78.47884,22.36936
966.471,38.04719,-78.47874,22.36936
967.471,38.04715,-78.47864,22.36936
968.470,38.04711,-78.47853,23.6121
969.470,38.04707,-78.47842,22.36936
970.473,38.04704,-78.47832,22.36936
971.471,38.04701,-78.47822,22.36936
972.471,38.04697,-78.47813,19.88388
973.465,38.04692,-78.47806,19.88388
974.471,38.04686,-78.47801,18.64114
975.466,38.04679,-78.478,18.64114
976.470,38.04673,-78.47799,16.15565
977.469,38.04668,-78.478,14.91291
978.362,38.04664,-78.478,9.941939
979.471,38.04661,-78.47803,7.456454
980.363,38.04659,-78.47803,7.456454
981.470,38.04658,-78.47804,3.728227
982.366,38.04656,-78.47806,4.97097
983.472,38.04652,-78.47808,7.456454
984.471,38.04648,-78.47811,9.941939
985.470,38.04643,-78.47815,14.91291
986.466,38.04637,-78.4782,16.15565
987.471,38.0463,-78.47826,19.88388
988.471,38.04622,-78.47832,22.36936
989.470,38.04614,-78.47838,23.6121
990.469,38.04605,-78.47844,24.85485
991.473,38.04596,-78.47852,26.09759
992.471,38.04586,-78.47858,28.58307
993.464,38.04576,-78.47866,29.82582
994.474,38.04566,-78.47873,29.82582
995.470,38.04556,-78.47881,29.82582
996.470,38.04546,-78.47889,29.82582
997.470,38.04537,-78.47897,29.82582
998.466,38.04529,-78.47904,28.58307
999.471,38.04522,-78.47913,26.09759
1000.466,38.04516,-78.47922,23.6121
1001.470,38.04511,-78.47929,23.6121
1002.470,38.04509,-78.47938,23.6121
1003.470,38.04508,-78.47945,22.36936
1004.469,38.0451,-78.47952,22.36936
1005.365,38.04514,-78.47956,14.91291
1006.473,38.04519,-78.47957,13.67017
1007.469,38.04526,-78.47955,17.39839
1008.468,38.04534,-78.47955,18.64114
1009.465,38.04543,-78.47952,22.36936
1010.464,38.04551,-78.47951,22.36936
1011.471,38.04559,-78.47949,22.36936
1012.471,38.04565,-78.47948,17.39839
1013.470,38.04571,-78.47945,17.39839
1014.466,38.04575,-78.47941,17.39839
1015.472,38.04578,-78.47936,17.39839
1016.363,38.0458,-78.47931,13.67017
1017.470,38.04582,-78.47924,12.42742
1018.365,38.04582,-78.47918,12.42742
1019.471,38.04581,-78.47913,11.18468
1020.363,38.0458,-78.4791,11.18468
1021.470,38.04579,-78.47908,8.699197
1022.365,38.04579,-78.47908,2.485485
1023.465,38.04579,-78.47907,2.485485
1024.364,38.04579,-78.47907,1.242742
1025.470,38.04579,-78.47907,1.242742
1026.366,38.0458,-78.47907,0
1027.468,38.0458,-78.47907,0
1028.364,38.04579,-78.47906,1.242742
1029.466,38.04576,-78.47902,1.242742
1030.474,38.04572,-78.47897,4.97097
1031.472,38.04567,-78.4789,4.97097
1032.472,38.04558,-78.47882,4.97097
1033.473,38.04548,-78.47874,17.39839
1034.471,38.04536,-78.47864,33.55404
1035.471,38.04525,-78.47853,36.03953
1036.470,38.04513,-78.47841,37.28227
1037.471,38.04501,-78.47827,37.28227
1038.471,38.04488,-78.47812,43.49598
1039.470,38.04474,-78.47797,43.49598
1040.468,38.04461,-78.4778,44.73873
1041.469,38.04447,-78.47763,47.22421
1042.471,38.04433,-78.47746,47.22421
1043.471,38.04422,-78.47728,47.22421
1044.469,38.0441,-78.47709,47.22421
1045.473,38.04399,-78.47689,47.22421
1046.467,38.04389,-78.47669,47.22421
1047.473,38.04379,-78.47649,48.46695
1048.471,38.04369,-78.47628,48.46695
1049.472,38.04359,-78.47607,48.46695
1050.471,38.04349,-78.47587,48.46695
1051.471,38.04338,-78.47567,49.70969
1052.471,38.04327,-78.47548,47.22421
1053.471,38.04314,-78.4753,47.22421
1054.471,38.04301,-78.47513,47.22421
1055.466,38.04288,-78.47496,47.22421
1056.466,38.04274,-78.47481,47.22421
1057.471,38.04259,-78.47466,47.22421
1058.472,38.04245,-78.47451,47.22421
1059.469,38.0423,-78.47437,47.22421
1060.469,38.04214,-78.47422,47.22421
1061.471,38.04199,-78.47407,48.46695
1062.471,38.04184,-78.47391,48.46695
1063.471,38.04169,-78.47374,50.95244
1064.470,38.04153,-78.47356,50.95244
1065.470,38.04139,-78.47338,50.95244
1066.467,38.04125,-78.47319,52.19518
1067.469,38.04111,-78.473,52.19518
1068.468,38.04097,-78.4728,52.19518
1069.471,38.04084,-78.4726,52.19518
1070.467,38.04071,-78.4724,52.19518
1071.471,38.04058,-78.47221,52.19518
1072.468,38.04045,-78.47201,52.19518
1073.471,38.04033,-78.47182,48.46695
1074.467,38.04021,-78.47163,48.46695
1075.471,38.0401,-78.47144,47.22421
1076.473,38.03998,-78.47125,47.22421
1077.472,38.03986,-78.47107,47.22421
1078.470,38.03975,-78.47088,47.22421
1079.468,38.03963,-78.4707,47.22421
1080.473,38.03952,-78.4705,47.22421
1081.472,38.03941,-78.47032,47.22421
1082.470,38.0393,-78.47012,47.22421
1083.473,38.0392,-78.46992,47.22421
1084.471,38.03912,-78.4697,47.22421
1085.470,38.03905,-78.46948,47.22421
1086.470,38.03899,-78.46925,47.22421
1087.470,38.03894,-78.46902,47.22421
1088.470,38.03892,-78.4688,47.22421
1089.472,38.0389,-78.46857,45.98147
1090.473,38.0389,-78.46834,45.98147
1091.472,38.03889,-78.46812,45.98147
1092.470,38.03886,-78.46791,45.98147
1093.469,38.03883,-78.46772,43.49598
1094.468,38.0388,-78.46754,43.49598
1095.472,38.03877,-78.46736,41.0105
1096.471,38.03873,-78.46719,41.0105
1097.472,38.0387,-78.46703,41.0105
1098.473,38.03867,-78.46687,36.03953
1099.471,38.03864,-78.46672,36.03953
1100.471,38.0386,-78.46659,28.58307
1101.471,38.03856,-78.46648,27.34033
1102.472,38.03851,-78.46638,23.6121
1103.469,38.03846,-78.4663,23.6121
1104.473,38.03841,-78.46623,21.12662
1105.471,38.03838,-78.46618,21.12662
1106.467,38.03835,-78.46613,17.39839
1107.364,38.03833,-78.46612,17.39839
1108.470,38.03833,-78.46613,8.699197
1109.365,38.03833,-78.46613,0
1110.463,38.03833,-78.46613,0
1111.364,38.03834,-78.46613,0
1112.380,38.03834,-78.46612,0
1113.364,38.03835,-78.46612,0
1114.381,38.03835,-78.46612,0
1115.355,38.03836,-78.46612,0
1116.369,38.03836,-78.46612,0
1117.365,38.03836,-78.46612,1.242742
1118.377,38.03836,-78.46612,0
1119.367,38.03835,-78.46611,1.242742
1120.380,38.03835,-78.46611,0
1121.367,38.03834,-78.46611,0
1122.379,38.03834,-78.46611,0
1124.381,38.03834,-78.46611,0
1127.366,38.03834,-78.46612,0
1128.379,38.03834,-78.46612,0
1129.365,38.03833,-78.46612,0
1130.426,38.03833,-78.46612,0
1131.708,38.03832,-78.46612,0
1132.388,38.03832,-78.46612,0
1133.930,38.03832,-78.46612,0
1134.378,38.03832,-78.46612,0
1135.363,38.03831,-78.46611,2.485485
1136.380,38.0383,-78.46609,2.485485
1137.364,38.03828,-78.46608,2.485485
1138.379,38.03828,-78.46608,3.728227
1139.365,38.03827,-78.46607,1.242742
1140.380,38.03826,-78.46607,1.242742
1141.365,38.03823,-78.46607,1.242742
1142.380,38.0382,-78.46609,1.242742
1143.365,38.03817,-78.46612,1.242742
1144.470,38.03812,-78.46617,14.91291
1145.467,38.03807,-78.46622,16.15565
1146.469,38.03801,-78.4663,18.64114
1147.473,38.03795,-78.46637,21.12662
1148.470,38.03788,-78.46645,23.6121
1149.470,38.03781,-78.46655,26.09759
1150.471,38.03773,-78.46664,26.09759
1151.472,38.03765,-78.46674,27.34033
1152.470,38.03756,-78.46684,28.58307
1153.469,38.03748,-78.46693,29.82582
1154.469,38.03739,-78.46703,28.58307
1155.468,38.0373,-78.46713,31.06856
1156.471,38.03721,-78.46724,29.82582
1157.471,38.03712,-78.46735,32.3113
1158.465,38.03703,-78.46745,31.06856
1159.471,38.03693,-78.46754,31.06856
1160.473,38.03683,-78.46764,32.3113
1161.472,38.03673,-78.46774,32.3113
1162.471,38.03663,-78.46784,32.3113
1163.466,38.03653,-78.46793,31.06856
1164.471,38.03643,-78.46802,31.06856
1165.470,38.03632,-78.46811,31.06856
1166.470,38.03622,-78.4682,32.3113
1167.471,38.03613,-78.46828,29.82582
1168.469,38.03603,-78.46837,31.06856
1169.471,38.03593,-78.46844,29.82582
1170.464,38.03584,-78.46851,28.58307
1171.471,38.03576,-78.46857,24.85485
1172.470,38.03569,-78.46863,21.12662
1173.470,38.03563,-78.46867,17.39839
1174.466,38.03559,-78.4687,13.67017
1175.471,38.03555,-78.46872,12.42742
1176.365,38.03552,-78.46874,11.18468
1177.470,38.03548,-78.46875,11.18468
1178.366,38.03543,-78.46873,11.18468
1179.471,38.0354,-78.4687,12.42742
1180.364,38.03536,-78.46864,13.67017
1181.474,38.03533,-78.46857,13.67017
1182.471,38.03529,-78.46849,14.91291
1183.471,38.03525,-78.46841,14.91291
1184.469,38.0352,-78.46833,17.39839
1185.465,38.03514,-78.46825,17.39839
1186.470,38.0351,-78.46817,19.88388
1187.470,38.03505,-78.46809,21.12662
1188.469,38.035,-78.46802,21.12662
1189.469,38.03495,-78.46795,21.12662
1190.471,38.0349,-78.46788,19.88388
1191.472,38.03486,-78.46783,16.15565
1192.470,38.03481,-78.46781,13.67017
1193.469,38.03476,-78.46781,13.67017
1194.472,38.03471,-78.46783,13.67017
1195.471,38.03465,-78.46787,13.67017
1196.471,38.03459,-78.46792,17.39839
1197.470,38.03452,-78.46797,17.39839
1198.470,38.03445,-78.46803,21.12662
1199.470,38.03437,-78.46808,22.36936
1200.470,38.03429,-78.46813,22.36936
1201.472,38.03421,-78.46819,24.85485
1202.465,38.03412,-78.46825,24.85485
1203.473,38.03403,-78.46831,24.85485
1204.470,38.03395,-78.46836,24.85485
1205.468,38.03387,-78.46841,22.36936
1206.473,38.03381,-78.46846,19.88388
1207.471,38.03376,-78.4685,17.39839
1208.467,38.03373,-78.46853,13.67017
1209.365,38.03371,-78.46857,11.18468
1210.469,38.0337,-78.46861,9.941939
1211.365,38.0337,-78.46864,9.941939
1212.468,38.03371,-78.46868,8.699197
1213.364,38.03373,-78.46874,9.941939
1214.470,38.03376,-78.4688,13.67017
1215.470,38.03378,-78.46887,14.91291
1216.470,38.03381,-78.46894,14.91291
1217.470,38.03385,-78.46902,14.91291
1218.457,38.03389,-78.4691,17.39839
1219.470,38.03392,-78.46918,17.39839
1220.470,38.03395,-78.46925,18.64114
1221.470,38.03398,-78.46933,17.39839
1222.471,38.03401,-78.4694,16.15565
1223.471,38.03403,-78.46946,14.91291
1224.472,38.03406,-78.46951,14.91291
1225.365,38.03408,-78.46956,12.42742
1226.471,38.03409,-78.46958,8.699197
1227.363,38.0341,-78.4696,4.97097
1228.469,38.0341,-78.4696,1.242742
1229.368,38.0341,-78.46961,3.728227
1230.472,38.03414,-78.46963,8.699197
1231.364,38.03418,-78.46962,9.941939
1232.469,38.03423,-78.46957,16.15565
1233.471,38.03429,-78.46954,16.15565
1234.467,38.03436,-78.46948,19.88388
1235.469,38.03444,-78.46943,21.12662
1236.473,38.03452,-78.46938,21.12662
1237.471,38.03458,-78.46932,21.12662
1238.471,38.03465,-78.46928,19.88388
1239.471,38.03472,-78.46924,17.39839
1240.471,38.03477,-78.4692,16.15565
1241.470,38.03481,-78.46917,16.15565
1242.364,38.03484,-78.46913,16.15565
1243.467,38.03486,-78.46911,16.15565
1244.365,38.03488,-78.46909,7.456454
1245.470,38.03489,-78.46909,4.97097
1246.364,38.03489,-78.46909,1.242742
1247.469,38.0349,-78.46909,0
1248.364,38.0349,-78.46909,0
1249.471,38.03491,-78.46909,0
1250.364,38.03491,-78.46909,0
1251.469,38.03491,-78.46909,1.242742
1253.465,38.03491,-78.46909,0
1254.365,38.03491,-78.46909,0
1255.472,38.03491,-78.46908,0
1256.361,38.03491,-78.46907,0
1257.470,38.0349,-78.46907,0
1258.367,38.03491,-78.46907,0
1259.469,38.03491,-78.46908,0
1260.364,38.03491,-78.46908,0
1261.470,38.03491,-78.46908,0
1262.364,38.03491,-78.46909,0
1263.470,38.0349,-78.46909,0
1264.365,38.03489,-78.46909,0
1265.471,38.03487,-78.46909,0
1266.360,38.03485,-78.46908,0
1267.383,38.03484,-78.46909,0
1268.365,38.03483,-78.4691,0
1269.380,38.03482,-78.46911,0
1270.366,38.0348,-78.46912,0
1271.370,38.03479,-78.46913,0
1272.363,38.03477,-78.46915,0
1273.380,38.03477,-78.46917,0
1274.364,38.03476,-78.46917,0
1275.366,38.03474,-78.46916,0
1276.355,38.03473,-78.46915,0
1277.364,38.03472,-78.46916,0
1278.364,38.03471,-78.46915,0
1279.366,38.03471,-78.46916,0
1280.366,38.0347,-78.46916,0
1281.361,38.0347,-78.46916,0
1282.365,38.0347,-78.46915,0
1283.363,38.0347,-78.46914,0
1284.366,38.0347,-78.46912,0
